USE RPG;

INSERT INTO Recompensa (idrecompensa, experiencia, ouro) VALUES
(1, 1500, 0),
(2, 25000, 0),
(3, 200000, 0),
(4, 500000, 0),
(5, 1000000, 0),
(6, 2500000, 0),
(7, 5000000, 0),
(8, 10000000, 0), 
(9, 15000000, 0),
(10, 30000000, 0),
(11, 0, 100),
(12, 0, 1000),
(13, 0, 1500),
(14, 0, 5000),
(15, 0, 10000),
(16, 0, 15000),
(17, 0, 30000),
(18, 0, 45000),
(19, 0, 90000),
(20, 0, 120000),
(21, 750, 50),
(22, 17500, 500),
(23, 100000, 750),
(24, 250000, 1250),
(25, 500000, 5000),
(26, 1250000, 7500),
(27, 2500000, 15000),
(28, 5000000, 22500),
(29, 7500000, 45000),
(30, 15000000, 60000);

INSERT INTO Missao (idmissao, nome, descricao, nivel_minimo, idrecompensa) VALUES
(1, "Tutorial de Combate", "Siga os passos do guia para aprender a entrar em combate e lutar", 0, NULL),
(2, "Caminho do Guerreiro", "Criaturas estão atacando os pastos em momentos como esse devemos lutar", 4, 21),
(3, "Um inimigo por Vez", "Lute com uma criatura de cada tipo que está atacando os pastos", 6, 1),
(4, "Acampamento negado", "As Criaturas estão recuando mais ainda não acabou, estão montando um acampamento ao lado da floresta", 8, 22),
(5, "Caça Fantasmas", "Encurraladas as criaturas invocaram um espirito de vento para nos atacar fale com magus teris para encontrar uma soulção", 10, 2),
(6, "Fura nuvens", "O mesmo enfraquecido o espirito de vento está se regenerando encontre e use o arpão enfeitiçado para derrota-lo", 12, 3),
(7, "Show de mágica, acabou", "Encontre e derrote as criaturas responsáveis por invocar o espirito de vento", 14, 4),
(8, "Limpando o Perimetro", "Vasculhe os campos em busca de crituras restantes do combate e as derrote", 16, 23),
(9, "Contato Necessário", "Fale com os sentinelas do outro lado da cidade e explique o que aconteceu nos campos", 18, 24),
(10, "O Triunfo dos Guerrieros", "Encontre os guerreiros e leguinarios na taverna da cidade de prata", 20, 5),
(11, "Uma pequena expedição", "Você foi escolhido dar suporte a um grupo de cavaleiros que estão acampados na floresta maligna", 22, 25),
(12, "Em direção ao desconhecido", "Una-se aos outros cavaleiros que vão a expedição e sigam viagem a floresta maligna", 24, 5),
(13, "13º Companhia desaparecida", "Ao chegar no acampamento foram encontrados vestigios de um violento combate e nenhum cavaleiro, investigue a área", 26, 26),
(14, "Suporte tático", "Volte a cidade de prata com os cavaleiros, e comunique o que aconteceu", 28, 6),
(15, "Sombras", "Una-se a 7º legião para invadir a floresta maligna e derotar as criaturas responsáveis pelo desaparecimento da 13º Companhia", 30, 27),
(16, "Obscuro", "Ao chegar na floresta maligna a 7º legião foi atacada por criaturas da noite, ajude os legionários", 32, 7),
(17, "TREVAS", "Apesar de muitas baixas as criaturas das trevas continuam a aparecer o capitão da legião suspeita, que estão sendo invocadas por um mago escondido", 34, 28),
(18, "O Ritual", "Encontre com a ajuda de um mago derrote o feiticeiro e desfaça seu ritual de invocação", 36, 8),
(19, "Luz sobre trevas", "Reuna-se com os legionarios e termine de derrotar as criaturas invocadas", 38, 9),
(20, "Carta de Recomendação", "Retorne com a legião a cidade de prata e adiquira sua carta de recomendação com o chefe da cidade", 40, 29),
(21, "O Horizonte é logo ali", "Com a carta de recomendação em mãos siga para o continente de Catama ou Benavo", 42, 10),
(22, "Entrando em uma fria", "O barco que você pegou acabou encalhando em um continente congelado, encontre recursos para sobreviver", 44, 30),
(23, "PROCURADO: Rat el", "Encontre derrote e capture Rat el", 2, 11),
(24, "PROCURADO: PinkGobl", "Encontre derrote e capture PinkGobl", 4, 11),
(25, "PROCURADO: Graesman", "Encontre derrote e capture Graesman", 6, 12),
(26, "PROCURADO: Vap-OR", "Encontre derrote e capture Vap-OR", 8, 12),
(27, "PROCURADO: Vertigo", "Encontre derrote e capture Vertigo", 10, 13),
(28, "PROCURADO: Gilo o Traidor", "Encontre derrote e capture Gilo o Traidor", 12, 13),
(29, "PROCURADO: Artilheiro blin", "Encontre derrote e capture o Artilheiro Blin", 14, 14),
(30, "PROCURADO: Pescador Ilusi", "Encontre derrote e capture Pescador Ilusi", 16, 14),
(31, "PROCURADO: Raeman", "Encontre derrote e capture Raeman", 18, 15),
(32, "PROCURADO: Toxol", "Encontre derrote e capture Toxol", 20, 15);

INSERT INTO Recurso (idrecurso, nome, valor, tipo, slots_necessarios) VALUES 
(1, "Ferro", 1000, "NEUTRO", 35),
(2, "Cobre", 5000, "NEUTRO", 25),
(3, "Couro Bovino", 500, "NEUTRO", 10),
(4, "Couro de Javali", 1500, "NEUTRO", 10),
(5, "Pelagem de Urso", 5000, "NEUTRO", 10),
(6, "Tecido de Linho", 1000, "NEUTRO", 10),
(7, "Lã", 1000, "NEUTRO", 10),
(8, "Ervas", 500, "NEUTRO", 2),
(9, "Pó Mágico", 10000, "NEUTRO", 1),
(10, "Cura Mágica", 10000, "NEUTRO", 2),
(11, "Escudo de Madeira", 1500, "EQUIPAVEL", 5),
(12, "Escudo Pesado de Cobre", 2500, "EQUIPAVEL", 35),
(13, "Escudo ágil de Ferro", 7000, "EQUIPAVEL", 15),
(14, "Espada enferrujada", 1750, "EQUIPAVEL", 15),
(15, "Espada de ferro", 4500, "EQUIPAVEL", 15),
(16, "Machado enferrujado", 1800, "EQUIPAVEL", 10),
(17, "Machado de ferro", 5000, "EQUIPAVEL", 10),
(18, "Arco simples", 500, "EQUIPAVEL", 5),
(19, "Arco de Caça", 1500, "EQUIPAVEL", 6),
(20, "Arco Recurvo", 3700, "EQUIPAVEL", 7),
(21, "Roupa de tecido", 1000, "EQUIPAVEL", 4),
(22, "Armadura de Couro", 2500, "EQUIPAVEL", 8),
(23, "Armadura de Ferro", 7500, "EQUIPAVEL", 24),
(24, "Chapeu protetivo de tecido", 350, "EQUIPAVEL", 2),
(25, "Capacete de Couro", 1500, "EQUIPAVEL", 4),
(26, "Elmo de Ferro", 5500, "EQUIPAVEL", 8),
(27, "Luvas de Tecido", 475, "EQUIPAVEL", 2),
(28, "Luvas de Couro", 1600, "EQUIPAVEL", 4),
(29, "Manoplas de Ferro", 5250, "EQUIPAVEL", 6),
(30, "Calças de Tecido", 1200, "EQUIPAVEL", 8),
(31, "Calças de Couro", 3200, "EQUIPAVEL", 12),
(32, "Calças de Malha de Ferro", 9000, "EQUIPAVEL", 24),
(33, "Sandálias", 700, "EQUIPAVEL", 2),
(34, "Botas de Couro", 2000, "EQUIPAVEL", 4),
(35, "Botas de aço", 5000, "EQUIPAVEL", 8),
(36, "Poção pequena de Cura", 250, "CONSUMIVEL", 1),
(37, "Poção pequena de Vigor", 250, "CONSUMIVEL", 1),
(38, "Poção pequena de Resiliencia", 200, "CONSUMIVEL", 1),
(39, "Poção média de Cura", 500, "CONSUMIVEL", 3),
(40, "Poção média de Vigor", 500, "CONSUMIVEL", 3),
(41, "Poção média de Resiliencia", 400, "CONSUMIVEL", 3),
(42, "Grande poção de Cura", 1000, "CONSUMIVEL", 5),
(43, "Grande poção de Vigor", 1000, "CONSUMIVEL", 5),
(44, "Grande poção de Resiliencia", 800, "CONSUMIVEL", 5);

INSERT INTO recompensa_recurso (recompensa, recurso) VALUES
(5, 11),
(5, 16),
(5, 18),
(15, 22),
(15, 31),
(15, 34),
(25, 15),
(25, 10);

INSERT INTO Territorio (idterritorio, nome) VALUES
(1, "Cidade de Prata"),
(2, "Campo de Prata"),
(3, "Dunas"),
(4, "Bosque Maligna"),
(5, "Floresta Maligna"),
(6, "Porto de Frezz"),
(7, "Lago Congelado"),
(8, "Floresta da Neve"),
(9, "Castelo de Frezz"),
(10, "Porto Branco"),
(11, "Planicies de Benavo"),
(12, "Floresta de Benavo"),
(13, "Pantano de Benavo"),
(14, "Porto de Catama"),
(15, "Cidade Vermelha"),
(16, "Ilha do Sol");

INSERT INTO Profissao (idprofissao, nome) VALUES 
(1, "Ferreiro"),
(2, "Lenhador"),
(3, "Caçador"),
(4, "Alquimista"),
(5, "Coletor");

INSERT INTO Jogador(idjogador, idguilda, alinhamento, nome, nivel, experiencia, vitalidade, forca, destreza, resiliencia, inteligencia) VALUES
(1, 1, "LUZ", "Joao15", 55, 500, 2000, 215, 50, 0, 0),
(2, NULL, "NEUTRO", "Alixe", 10, 0, 100, 25, 15, 5, 5),
(3, 1, "NEUTRO", "lego_la", 10, 0, 100, 0, 30, 15, 5),
(4, 1, "TREVAS", "Toxic", 25, 350, 250, 0, 0, 50, 75),
(5, 1, "NEUTRO", "Alarmu", 5, 1200, 75, 20, 5, 0, 0),
(6, 1, "NEUTRO", "L11", 15, 450, 100, 25, 25, 25, 0),
(7, NULL, "NEUTRO", "Clovinho", 15, 0, 100, 75, 0, 0, 0),
(8, 2, "TREVAS", "fULPA", 70, 48645, 2850, 300, 25, 25, 0),
(9, 2, "TREVAS", "lord", 40, 0, 1350, 50, 150, 0, 0),
(10, 2, "TREVAS", "toklia", 35, 100, 1100, 0, 0, 10, 35),
(11, 2, "TREVAS", "carlito", 25, 1500, 230, 0, 15, 15, 5),
(12, NULL, "NEUTRO", "maver1k", 0, 125, 50, 0, 0, 0, 0),
(13, 3, "NEUTRO", "abegabe", 10, 400, 100, 0, 30, 0, 20),
(14, 3, "NEUTRO", "b13top", 15, 800, 170, 15, 20, 15, 25),
(15, 3, "NEUTRO", "fr0z3n", 17, 900, 185, 20, 35, 10, 20),
(16, 3, "LUZ", "nomeCp", 60, 0, 2150, 130, 150, 0, 20),
(17, 3, "LUZ", "xli", 55, 1500, 2000, 5, 245, 15, 0);

INSERT INTO jogador_missao VALUES 
(1, 1),
(1, 2),
(1, 3),
(1, 4),
(1, 5),
(1, 6),
(1, 7),
(1, 8),
(1, 9),
(1, 10),
(1, 11),
(1, 12),
(1, 13),
(1, 14),
(1, 15),
(1, 16),
(1, 17),
(1, 18),
(1, 19),
(1, 20),
(1, 23),
(2, 1),
(2, 2),
(2, 3),
(2, 4),
(2, 23),
(3, 1),
(3, 2),
(3, 3),
(3, 4),
(4, 1),
(4, 2),
(4, 3),
(4, 4),
(4, 5),
(4, 6),
(4, 7),
(4, 8),
(4, 9),
(4, 10),
(4, 11),
(4, 12),
(5, 1),
(5, 2),
(6, 1),
(6, 2),
(6, 3),
(6, 4),
(6, 5),
(6, 6),
(6, 7),
(7, 1),
(7, 2),
(7, 3),
(7, 4),
(7, 5),
(7, 6),
(7, 7),
(8, 1),
(8, 2),
(8, 3),
(8, 4),
(8, 5),
(8, 6),
(8, 7),
(8, 8),
(8, 9),
(8, 10),
(8, 11),
(8, 12),
(8, 13),
(8, 14),
(8, 15),
(8, 16),
(8, 17),
(8, 18),
(8, 19),
(8, 20),
(8, 21),
(8, 22),
(8, 23),
(8, 24),
(8, 25),
(8, 26),
(8, 27),
(8, 28),
(8, 29),
(8, 30),
(8, 31),
(8, 32),
(9, 1),
(9, 2),
(9, 3),
(9, 4),
(9, 5),
(9, 6),
(9, 7),
(9, 8),
(9, 9),
(9, 10),
(9, 11),
(9, 12),
(9, 13),
(9, 14),
(9, 15),
(9, 16),
(9, 17),
(9, 18),
(9, 19),
(10, 1),
(10, 2),
(10, 3),
(10, 4),
(10, 5),
(10, 6),
(10, 7),
(10, 8),
(10, 9),
(10, 10),
(10, 11),
(10, 12),
(10, 13),
(10, 14),
(10, 15),
(10, 16),
(10, 17),
(11, 1),
(11, 2),
(11, 3),
(11, 4),
(11, 5),
(11, 6),
(11, 7),
(11, 8),
(11, 9),
(11, 10),
(11, 11),
(11, 12),
(13, 1),
(13, 2),
(13, 3),
(13, 4),
(14, 1),
(14, 2),
(14, 3),
(14, 4),
(14, 5),
(14, 6),
(14, 7),
(15, 1),
(15, 2),
(15, 3),
(15, 4),
(15, 5),
(15, 6),
(15, 7),
(15, 8),
(16, 1),
(16, 2),
(16, 3),
(16, 4),
(16, 5),
(16, 6),
(16, 7),
(16, 8),
(16, 9),
(16, 10),
(16, 11),
(16, 12),
(16, 13),
(16, 14),
(16, 15),
(16, 16),
(16, 17),
(16, 18),
(16, 19),
(16, 20),
(16, 23),
(16, 24),
(16, 25),
(16, 26),
(16, 27),
(16, 28),
(16, 29),
(16, 30),
(16, 31),
(16, 32),
(17, 1),
(17, 2),
(17, 3),
(17, 4),
(17, 5),
(17, 6),
(17, 7),
(17, 8),
(17, 9),
(17, 10),
(17, 11),
(17, 12),
(17, 13),
(17, 14),
(17, 15),
(17, 16),
(17, 17),
(17, 18),
(17, 19),
(17, 20),
(17, 23);

INSERT INTO Conquista (idconquista, nome, descricao) VALUES 
(1, "Casa prateada", "Complete as missões referentes a defesa da cidade de prata."),
(2, "Para onde foi a 13º companhia", "Complete as missões referentes a floresta maligna."),
(3, "Aprovado e recomendado", "Seja recomendado pelo chefe da cidade de prata."),
(4, "Perigo a frente", "Comclua as missões de procurados da cidade de prata");

INSERT INTO jogador_conquista (jogador, conquista) VALUES
(1, 1),
(1, 2),
(1, 3),
(4, 1),
(8, 1),
(8, 2),
(8, 3),
(8, 4),
(9, 1),
(9, 2),
(10, 1),
(11, 1),
(16, 1),
(16, 2),
(16, 3),
(16, 4),
(17, 1),
(17, 2),
(17, 3);

INSERT INTO conquista_missao (missao, conquista) VALUES
(1, 1),
(2, 1),
(3, 1),
(4, 1),
(5, 1),
(6, 1),
(7, 1),
(8, 1),
(9, 1),
(10, 1),
(11, 2),
(12, 2),
(13, 2),
(14, 2),
(15, 2),
(16, 2),
(17, 2),
(18, 2),
(19, 2),
(20, 3),
(21, 3),
(22, 3),
(23, 4),
(24, 4),
(25, 4),
(26, 4),
(27, 4),
(28, 4),
(29, 4),
(30, 4),
(31, 4),
(32, 4);

INSERT INTO INVENTARIO (idinventario, idjogador, slots, ouro) VALUES
(1, 1, 200, 155157), 
(2, 2, 200, 0),
(3, 3, 200, 0),
(4, 4, 300, 1200),
(5, 5, 200, 0),
(6, 6, 250, 0),
(7, 7, 250, 0),
(8, 8, 200, 252450),
(9, 9, 300, 57520),
(10, 10, 250, 65630),
(11, 11, 200, 4500),
(12, 12, 200, 0),
(13, 13, 300, 0),
(14, 14, 200, 0),
(15, 15, 250, 0),
(16, 16, 200, 100000),
(17, 17, 300, 157780),
(18, 8, 250, 0),
(19, 17, 200, 0),
(20, 16, 250, 75610);

INSERT INTO inventario_recurso (idinventario, idjogador, idrecurso) VALUES
(1, 1, 19),
(1, 1, 31),
(1, 1, 42),
(1, 1, 43),
(1, 1, 44),
(4, 4, 1),
(4, 4, 5),
(4, 4, 16),
(8, 8, 8),
(8, 8, 39),
(8, 8, 40),
(8, 8, 41),
(9, 9, 21),
(9, 9, 24),
(9, 9, 27),
(10, 10, 3),
(10, 10, 8),
(10, 10, 12),
(10, 10, 33),
(11, 11, 11),
(16, 16, 17),
(16, 16, 19),
(16, 16, 35),
(17, 17, 8),
(17, 17, 9),
(18, 8, 2),
(18, 8, 4),
(18, 8, 5),
(19, 17, 20),
(19, 17, 26),
(19, 17, 29),
(20, 16, 36),
(20, 16, 37),
(20, 16, 38),
(20, 16, 13);

INSERT INTO Ogro (idjogador, habilidade_O, resiliencia) VALUES
(12, "Regeneracao", "ATK-Fisico"),
(13, "Regeneracao", "ATK-Magico"),
(14, "Bersek", "ATK-Fisico"),
(15, "Regeneracao", "ATK-Fisico"),
(17, "Rage", "Veneno");

INSERT INTO Elfo (idjogador, habilidade_E) VALUES
(2, "Invisibilidade"),
(3, "Percepcao"),
(4, "rolbak"),
(5, "Invisibilidade"),
(6, "Invisibilidade"),
(9, "Percepcao");

INSERT INTO Humano (idjogador, habilidade_H) VALUES
(1, "Foco"),
(7, "Evasão"),
(8, "Foco"),
(10, "Evasão"),
(11, "Analise");

INSERT INTO humano_profissao (profissao, humano) VALUES
(3, 1),
(5, 1),
(2, 7),
(8, 1),
(8, 2),
(8, 3),
(8, 4),
(8, 5),
(10, 4),
(11, 1);

INSERT INTO Guilda (idguilda, guilda_superior, jogador_chefe, nome, nivel) VALUES
(1, null, 1, "KAMA", 10),
(2, null, 8, "black", 5),
(3, 1, 16,"HARPA", 2);

INSERT INTO guilda_regra (idregra, idguilda, regra) VALUES
(1, 1, "Proibido PVP entre menbros da guilda"),
(2, 1, "Proibido invadir territórios de outras guildas"),
(3, 2, "Todos os jogadores devem doar 1% do seu xp a guilda"),
(3, 3, "Todos os jogadores devem estar presentes no discord da guilda quando em pvp");

INSERT INTO Habita (idterritorio, idguilda, beneficio_menbros) VALUES
(1, 3, "5% de xp por missão completada na área"),
(2, 3, "7% de xp por missão completada na área"),
(3, 3, "6% de xp por missão completada na área"),
(4, 2, "100 de ouro adicional por missão completada na área"),
(5, 2, "150 de ouro adicional por missão completada na área"),
(6, 2, "100 de ouro adicional por missão completada na área"),
(7, 2, "75 de ouro adicional por missão completada na área"),
(8, 2, "200 de ouro adicional por missão completada na área"),
(9, 1, "15% de xp por missão completada na área"),
(10, 1, "10% de xp por missão completada na área"),
(11, 1, "6% de xp por missão completada na área"),
(12, 1, "8% de xp por missão completada na área"),
(13, 1, "7% de xp por missão completada na área"),
(14, 1, "12% de xp por missão completada na área"),
(15, 1, "15% de xp por missão completada na área"),
(16, 1, "5% de xp por missão completada na área");